id;service_id;name;created_at;updated_at;source_le
pool_1764057230668;SERVICE01;Reporting;2025-11-25 07:54:21.629822+00;2026-01-20 18:48:16.158888+00;UK
pool_1764057251574;SERVICE01;Support;2025-11-25 07:54:21.629822+00;2026-01-20 18:48:16.158888+00;India
pool_1767650473958;SERVICE01;Reporting 2;2026-01-05 22:01:24.879185+00;2026-01-20 18:48:16.158888+00;UK
pool_1764114972521;SERVICE12;Operations;2025-11-25 23:56:19.908564+00;2026-01-20 18:48:48.591714+00;UK
pool_1763376856969;SERVICE02;Jacob;2025-11-17 10:54:31.285237+00;2025-11-17 10:54:31.285237+00;UK
pool_1763376906408;SERVICE22;Larry;2025-11-17 10:55:13.932551+00;2025-11-17 10:55:13.932551+00;India
pool_1763686970757;SERVICE33;Gor;2025-11-21 01:03:01.843138+00;2025-11-21 01:03:01.843138+00;UK
pool_1763687015940;SERVICE03;Gor india;2025-11-21 01:03:48.813818+00;2025-11-21 01:03:48.813818+00;India
pool_1763336808208;SERVICE11;Support;2025-11-16 23:47:21.329356+00;2026-01-05 21:43:07.922426+00;India
pool_1764109405167;SERVICE11;Business;2025-11-25 22:23:32.880532+00;2026-01-05 21:43:07.922426+00;UK